NetworkId, hNodes, Passes, Validation Accuracy, Validation Accuracy (DN), Test Accuracy, Test Accuracy DN
0, 2, 10000, 0.00137272, 25.4782, 0.00148622, 26.3183
1, 2, 10000, 0.00191102, 29.4624, 0.00155957, 26.8612
2, 2, 10000, 0.00227282, 32.1403, 0.0013227, 25.108
3, 2, 10000, 0.00138019, 25.5335, 0.00206437, 30.5975
4, 2, 10000, 0.00419667, 46.3796, 0.00127572, 24.7603
