pass,msqer
1, 0.00312784
2, 0.00389269
