pass,msqer
1, 0.00436499
2, 0.00425226
3, 0.00420451
4, 0.00402346
5, 0.00367951
6, 0.00328567
7, 0.00301221
8, 0.00286611
9, 0.0027618
10, 0.00265555
11, 0.00254523
12, 0.00243921
13, 0.0023437
14, 0.00226055
15, 0.00218897
16, 0.00212739
17, 0.00207433
18, 0.00202839
19, 0.00198821
20, 0.00195227
21, 0.00191914
22, 0.00188756
23, 0.00185664
24, 0.00182577
25, 0.00179462
26, 0.00176344
27, 0.00173458
28, 0.00172117
29, 0.00174033
