pass,msqer
0, 0.00351721
1, 0.00277969
2, 0.00271931
3, 0.00270318
4, 0.00271003
