pass,msqer
1, 0.00445519
2, 0.00345553
3, 0.00345267
4, 0.00345529
