epoch, stepParameter
1000, 0.11
2000, 0.121
3000, 0.1331
4000, 0.14641
5000, 0.161051
6000, 0.177156
7000, 0.194872
8000, 0.214359
9000, 0.235795
10000, 0.117897
11000, 0.1
12000, 0.1
