epoch, stepParameter
1000, 0.11
2000, 0.121
3000, 0.1331
4000, 0.14641
5000, 0.161051
6000, 0.177156
7000, 0.194872
8000, 0.214359
9000, 0.235795
10000, 0.259374
11000, 0.129687
12000, 0.142656
13000, 0.156921
14000, 0.172614
15000, 0.189875
16000, 0.208862
17000, 0.104431
18000, 0.1
19000, 0.1
