Row, Predicted, Correct
1, 0.318889, 0.408525
2, 0.294062, 0.238185
3, 0.349271, 0.311664
4, 0.0605105, 0.123147
