Loop, Row, Predicted, Correct
9999, 1, 0.135159, 0.125005
9999, 2, 0.0364914, 0.1
9999, 3, 0.350192, 0.311664
9999, 4, 0.0603799, 0.123147
9999, 5, 0.837779, 0.89096
9999, 6, 0.203159, 0.164581
