epoch, stepParameter
1000, 0.11
2000, 0.121
3000, 0.1331
4000, 0.14641
5000, 0.161051
6000, 0.177156
7000, 0.194872
8000, 0.214359
9000, 0.235795
10000, 0.259374
11000, 0.285312
12000, 0.313843
13000, 0.156921
14000, 0.172614
15000, 0.0863068
16000, 0.0949375
17000, 0.104431
18000, 0.0522156
19000, 0.0574372
20000, 0.0631809
21000, 0.0315905
22000, 0.0347495
23000, 0.0173748
24000, 0.0191122
25000, 0.01
26000, 0.011
27000, 0.01
28000, 0.01
