NetworkId, hNodes, Effective Passes, Total Passes, Step Parameter, Validation RMSE, Validation RMSE (DN), Test RMSE, Test RMSE DN, R^2, MSRE
0, 2, 8000, 12000, 0.0342047, 0.0349518, 43.3717, 0.0354447, 43.9834, 0.86354, 0.019936
1, 2, 15000, 19000, 0.0101548, 0.0347917, 43.1731, 0.035471, 44.0159, 0.864409, 0.0208041
2, 2, 16000, 20000, 0.0100624, 0.039456, 48.9609, 0.0401077, 49.7696, 0.827781, 0.0465603
3, 2, 18000, 22000, 0.0100015, 0.0348783, 43.2805, 0.0356134, 44.1927, 0.861321, 0.0214907
4, 2, 12000, 16000, 0.0168272, 0.0352165, 43.7001, 0.0354925, 44.0427, 0.868777, 0.0198267
5, 2, 28000, 33000, 0.0100377, 0.0396849, 49.245, 0.0401415, 49.8116, 0.828579, 0.0403689
